{
	"format_version": "1.8.0",
	"animations": {
		"npc_eat&boom": {
			"loop": false,
			"animation_length": 6,
			"bones": {
				"torso": {
					"rotation": {
						"0.0": {"vector": [0, 0, 0]},
						"2.0": {"vector": [15, 0, 0]}
					},
					"position": {
						"0.0": {"vector": [0, 0, 0]},
						"2.0": {"vector": [0, 0, -1]}
					}
				},
				"head": {
					"rotation": {
						"0.0": {"vector": [0, 0, 0]},
						"2.0": {"vector": [25, 0, 0]},
						"3.0": {"vector": [32.5, 0, 0]},
						"3.5": {"vector": [27.5, 0, 0]},
						"4.0": {"vector": [32.5, 0, 0]},
						"4.5": {"vector": [27.5, 0, 0]},
						"4.9722": {"vector": [32.5, 0, 0]},
						"5.9722": {"vector": [0, 0, 0]}
					},
					"position": {
						"0.0": {"vector": [0, 0, 0]},
						"2.0": {"vector": [0, 0, -1]},
						"5.9722": {"vector": [0, 0, 0]}
					}
				},
				"right_arm": {
					"rotation": {
						"0.0": {"vector": [-170.4542, 2.9932, -17.2501]},
						"0.5": {"vector": [-170.149, 1.728, -9.8511]},
						"1.0": {"vector": [-170.4542, 2.9932, -17.2501]},
						"1.5": {"vector": [-170.149, 1.728, -9.8511]},
						"2.0": {"vector": [-72.649, 1.728, -9.8511]},
						"2.4722": {"vector": [-57.6203, -0.9498, -5.6281]},
						"5.9722": {"vector": [-22.9542, 2.9932, -17.2501]}
					},
					"position": {
						"0.0": {"vector": [0, 0, 0]},
						"2.0": {"vector": [0, 0, -1]},
						"5.9722": {"vector": [0, 0, 0]}
					}
				},
				"left_arm": {
					"rotation": {
						"0.0": {"vector": [-175.3001, -1.7082, 19.9298]},
						"0.5": {"vector": [-175.1179, -1.0809, 12.4538]},
						"1.0": {"vector": [-175.3001, -1.7082, 19.9298]},
						"1.5": {"vector": [-175.1179, -1.0809, 12.4538]},
						"2.0": {"vector": [-85.1179, -1.0809, 12.4538]},
						"2.4722": {"vector": [-66.2232, 0.9358, 7.8783]},
						"2.5": {"vector": [-65.1179, -1.0809, 12.4538]}
					},
					"position": {
						"0.0": {"vector": [0, 0, 0]},
						"2.0": {"vector": [0, 0, -1]}
					}
				},
				"right_leg": {
					"rotation": {
						"0.0": {
							"post": {"vector": [-84.92327, 9.96156, 0.88045]},
							"lerp_mode": "catmullrom"
						}
					}
				},
				"left_leg": {
					"rotation": {
						"0.0": {
							"post": {"vector": [-84.92327, -9.96156, -0.88045]},
							"lerp_mode": "catmullrom"
						},
						"3.0": {
							"post": {"vector": [-84.92327, -9.96156, -0.88045]},
							"lerp_mode": "catmullrom"
						}
					}
				},
				"body": {
					"rotation": {
						"4.8611": {"vector": [0, 0, 0]},
						"5.8611": {"vector": ["-math.sin(q.anim_time * 3000) * 3", 0, "math.cos(q.anim_time * 2000) * 3"]},
						"5.9167": {"vector": [0, 0, 0]}
					},
					"position": {"vector": [0, -2, 0]},
					"scale": {
						"4.8611": {"vector": [1, 1, 1]},
						"5.0278": {"vector": [1.0075, 1.0075, 1.0075]},
						"5.1944": {"vector": [1.02, 1.02, 1.02]},
						"5.3611": {"vector": [1.045, 1.045, 1.045]},
						"5.5278": {"vector": [1.08, 1.08, 1.08]},
						"5.6944": {"vector": [1.13, 1.13, 1.13]},
						"5.8611": {"vector": [1.2, 1.2, 1.2]},
						"5.9167": {"pre": [1.6, 1.6, 1.6], "post": [0, 0, 0]}
					}
				},
				"right_hand": {
					"rotation": {
						"0.0": {"vector": [0, 0, 0]},
						"2.5": {"vector": [0, 0, -27.5]},
						"3.0": {"vector": [0, 0, -50]},
						"4.5": {"vector": [0, 0, -27.5]},
						"5.0": {"vector": [0, 0, -50]},
						"5.9722": {"vector": [0, 0, 0]}
					},
					"position": {
						"0.0": {"vector": [0, 0, 0]},
						"2.5": {"vector": [-0.25, 1, 0]},
						"3.0": {"vector": [-0.5, 1.5, 0]},
						"4.5": {"vector": [-0.25, 1, 0]},
						"5.0": {"vector": [-0.5, 1.5, 0]},
						"5.9722": {"vector": [0, 0, 0]}
					}
				},
				"left_hand": {
					"rotation": {
						"0.0": {"vector": [0, 0, 0]},
						"2.5": {"vector": [0, 0, 25]},
						"4.0": {"vector": [0, 0, 52.5]},
						"5.0": {"vector": [0, 0, 25]},
						"5.9722": {"vector": [0, 0, 12.5]}
					},
					"position": {
						"0.0": {"vector": [0, 0, 0]},
						"2.5": {"vector": [0.25, 1, 0]},
						"4.0": {"vector": [0.75, 1.5, 0]},
						"5.0": {"vector": [0.25, 1, 0]}
					}
				},
				"right_foot": {
					"rotation": {
						"0.0": {"vector": [30, 0, 0]},
						"0.75": {"vector": [50, 0, 0]},
						"1.5": {"vector": [30, 0, 0]},
						"2.25": {"vector": [50, 0, 0]},
						"3.0": {"vector": [30, 0, 0]},
						"3.75": {"vector": [50, 0, 0]},
						"4.5": {"vector": [30, 0, 0]},
						"5.1944": {"vector": [50, 0, 0]},
						"5.9444": {"vector": [30, 0, 0]}
					},
					"position": {
						"0.0": {"vector": [0, 1.5, -0.25]},
						"0.75": {"vector": [0, 1.5, -0.75]},
						"1.5": {"vector": [0, 1.5, -0.25]},
						"2.25": {"vector": [0, 1.5, -0.75]},
						"3.0": {"vector": [0, 1.5, -0.25]},
						"3.75": {"vector": [0, 1.5, -0.75]},
						"4.5": {"vector": [0, 1.5, -0.25]},
						"5.1944": {"vector": [0, 1.5, -0.75]},
						"5.9444": {"vector": [0, 1.5, -0.25]}
					}
				},
				"left_foot": {
					"rotation": {
						"0.0": {"vector": [50, 0, 0]},
						"0.75": {"vector": [30, 0, 0]},
						"1.5": {"vector": [50, 0, 0]},
						"2.25": {"vector": [30, 0, 0]},
						"3.0": {"vector": [50, 0, 0]},
						"3.75": {"vector": [30, 0, 0]},
						"4.5": {"vector": [50, 0, 0]}
					},
					"position": {
						"0.0": {"vector": [0, 1.5, -0.75]},
						"0.75": {"vector": [0, 1.5, -0.25]},
						"1.5": {"vector": [0, 1.5, -0.75]},
						"2.25": {"vector": [0, 1.5, -0.25]},
						"3.0": {"vector": [0, 1.5, -0.75]},
						"3.75": {"vector": [0, 1.5, -0.25]},
						"4.5": {"vector": [0, 1.5, -0.75]}
					}
				}
			}
		},
		"npc_eat&scale": {
			"loop": false,
			"animation_length": 5.5,
			"bones": {
				"torso": {
					"rotation": {
						"0.0": {"vector": [0, 0, 0]},
						"2.0": {"vector": [15, 0, 0]}
					},
					"position": {
						"0.0": {"vector": [0, 0, 0]},
						"2.0": {"vector": [0, 0, -1]}
					}
				},
				"head": {
					"rotation": {
						"0.0": {"vector": [0, 0, 0]},
						"2.0": {"vector": [25, 0, 0]},
						"3.0": {"vector": [32.5, 0, 0]},
						"3.5": {"vector": [27.5, 0, 0]},
						"4.0": {"vector": [32.5, 0, 0]},
						"4.5": {"vector": [27.5, 0, 0]},
						"4.9722": {"vector": [32.5, 0, 0]}
					},
					"position": {
						"0.0": {"vector": [0, 0, 0]},
						"2.0": {"vector": [0, 0, -1]}
					}
				},
				"right_arm": {
					"rotation": {
						"0.0": {"vector": [-170.4542, 2.9932, -17.2501]},
						"0.5": {"vector": [-170.149, 1.728, -9.8511]},
						"1.0": {"vector": [-170.4542, 2.9932, -17.2501]},
						"1.5": {"vector": [-170.149, 1.728, -9.8511]},
						"2.0": {"vector": [-72.649, 1.728, -9.8511]},
						"2.4722": {"vector": [-57.6203, -0.9498, -5.6281]}
					},
					"position": {
						"0.0": {"vector": [0, 0, 0]},
						"2.0": {"vector": [0, 0, -1]}
					}
				},
				"left_arm": {
					"rotation": {
						"0.0": {"vector": [-175.3001, -1.7082, 19.9298]},
						"0.5": {"vector": [-175.1179, -1.0809, 12.4538]},
						"1.0": {"vector": [-175.3001, -1.7082, 19.9298]},
						"1.5": {"vector": [-175.1179, -1.0809, 12.4538]},
						"2.0": {"vector": [-85.1179, -1.0809, 12.4538]},
						"2.4722": {"vector": [-66.2232, 0.9358, 7.8783]},
						"2.5": {"vector": [-65.1179, -1.0809, 12.4538]}
					},
					"position": {
						"0.0": {"vector": [0, 0, 0]},
						"2.0": {"vector": [0, 0, -1]}
					}
				},
				"right_leg": {
					"rotation": {
						"0.0": {
							"post": {"vector": [-84.92327, 9.96156, 0.88045]},
							"lerp_mode": "catmullrom"
						}
					}
				},
				"left_leg": {
					"rotation": {
						"0.0": {
							"post": {"vector": [-84.92327, -9.96156, -0.88045]},
							"lerp_mode": "catmullrom"
						},
						"3.0": {
							"post": {"vector": [-84.92327, -9.96156, -0.88045]},
							"lerp_mode": "catmullrom"
						}
					}
				},
				"body": {
					"position": {"vector": [0, -2, 0]},
					"scale": {
						"5.25": {"vector": [1, 1, 1]},
						"5.3056": {"vector": [0.94, 0.94, 0.94]},
						"5.3333": {"vector": [0.8, 0.8, 0.8]},
						"5.4167": {"vector": [0.2, 0.2, 0.2]},
						"5.4444": {"vector": [0.06, 0.06, 0.06]},